City_ID,City,Lat,Lng,Max Temp,Humidity,Cloudiness,Wind Speed,Country,Date
0,waitangi,-43.9535,-176.5597,8.23,85,98,4.02,NZ,1691607960
1,west island,-12.1568,96.8225,24.99,83,75,5.66,CC,1691607960
2,iqaluit,63.7506,-68.5145,4.85,100,100,3.58,CA,1691607722
3,sarakhs,36.5449,61.1577,30.09,23,9,2.5,IR,1691607961
4,hermanus,-34.4187,19.2345,14.33,88,0,4.93,ZA,1691607961
5,kabinda,-6.1333,24.4833,25.17,28,68,0.97,CD,1691607961
6,flin flon,54.7682,-101.865,16.91,42,20,3.6,CA,1691607962
7,mount gambier,-37.8333,140.7667,10.45,67,99,5.46,AU,1691607930
8,jamestown,42.097,-79.2353,27.23,55,0,7.72,US,1691607908
9,puerto ayora,-0.7393,-90.3518,30.98,84,97,3.13,EC,1691607962
10,kupang,-10.1667,123.5833,23.02,81,7,4.92,ID,1691607963
11,papatowai,-46.5619,169.4708,1.83,86,91,2.54,NZ,1691607963
12,lubango,-14.9172,13.4925,15.03,54,0,1.99,AO,1691607942
13,schwedt (oder),53.0596,14.2815,16.8,80,100,3.33,DE,1691607775
14,port-aux-francais,-49.35,70.2167,2.48,78,87,12.06,TF,1691607964
15,polyarnyy,69.1989,33.4478,20.28,72,0,1.8,RU,1691607964
16,torghay,49.6339,63.4981,23.77,53,51,3.7,KZ,1691607964
17,plymstock,50.36,-4.0905,19.86,89,33,0.45,GB,1691607964
18,brookings,44.3114,-96.7984,26.88,61,20,0.0,US,1691607965
19,bethel,41.3712,-73.414,29.45,52,40,4.12,US,1691607862
20,dudinka,69.4058,86.1778,16.46,73,100,9.01,RU,1691607965
21,severo-yeniseyskiy,60.3725,93.0408,9.26,92,2,2.42,RU,1691607965
22,edinburgh of the seven seas,-37.0676,-12.3116,10.66,65,100,10.07,SH,1691607861
23,petropavlovsk-kamchatsky,53.0452,158.6483,12.33,76,0,3.0,RU,1691607965
24,puerto natales,-51.7236,-72.4875,4.5,88,100,1.31,CL,1691607966
25,kingston,17.997,-76.7936,33.53,69,20,10.29,JM,1691607909
26,adamstown,-25.066,-130.1015,19.07,73,19,9.76,PN,1691607966
27,sarandi del yi,-33.35,-55.6333,16.88,72,100,4.64,UY,1691607966
28,college,64.8569,-147.8028,18.66,89,100,0.0,US,1691607967
29,blackmans bay,-43.0167,147.3167,12.07,73,100,4.0,AU,1691607967
30,pacific grove,36.6177,-121.9166,20.3,82,40,5.14,US,1691607967
31,grytviken,-54.2811,-36.5092,-7.19,66,2,3.58,GS,1691607968
32,albany,42.6001,-73.9662,28.03,51,85,1.34,US,1691607922
33,ati,13.2154,18.3353,25.69,79,97,6.82,TD,1691607968
34,kone,-21.0595,164.8658,15.83,78,60,2.01,NC,1691607968
35,hailun,47.45,126.9333,15.25,92,0,0.38,CN,1691607927
36,georgiyevka,43.0369,74.7114,23.02,49,0,3.0,KZ,1691607969
37,beau vallon,-20.4189,57.6953,22.34,73,75,5.14,MU,1691607969
38,atafu village,-8.5421,-172.5159,28.13,80,100,6.49,TK,1691607894
39,vorgashor,67.5833,63.95,9.84,75,61,2.34,RU,1691607969
40,nova sintra,14.8667,-24.7167,23.24,72,66,7.98,CV,1691607970
41,sidon,33.5631,35.3689,27.93,70,0,1.12,LB,1691607970
42,invercargill,-46.4,168.35,0.01,94,93,0.77,NZ,1691607859
43,mombasa,-4.0547,39.6636,25.23,78,20,3.6,KE,1691607971
44,lihue,21.9789,-159.3672,29.58,70,75,9.77,US,1691607971
45,santa cruz,-17.8,-63.1667,31.03,33,0,6.17,BO,1691607971
46,emerald,-23.5333,148.1667,11.69,88,0,1.82,AU,1691607929
47,luanda,-8.8368,13.2343,23.0,73,0,3.6,AO,1691607971
48,sotouboua,8.5667,0.9833,26.02,96,100,1.78,TG,1691607971
49,aasiaat,68.7098,-52.8699,4.93,75,21,3.15,GL,1691607972
50,rongelap,11.1635,166.8941,27.81,76,29,2.22,MH,1691607972
51,ancud,-41.8697,-73.8203,10.6,92,100,6.28,CL,1691607972
52,tiznit,29.5833,-9.5,31.59,31,3,1.0,MA,1691607972
53,whitehorse,60.7161,-135.0538,18.39,55,75,5.36,CA,1691607684
54,richards bay,-28.783,32.0377,19.54,73,100,3.26,ZA,1691607867
55,brejo,-3.6844,-42.7503,33.8,39,43,1.44,BR,1691607973
56,pontianak,-0.0333,109.3333,25.99,94,75,0.51,ID,1691607973
57,bredasdorp,-34.5322,20.0403,11.52,94,0,2.71,ZA,1691607973
58,malango,-2.9627,119.9001,18.57,99,34,0.55,ID,1691607973
59,laguna,38.421,-121.4238,30.56,50,0,3.09,US,1691607966
60,mesquite,32.7668,-96.5992,39.68,37,7,2.68,US,1691607681
61,yellowknife,62.456,-114.3525,20.29,45,75,9.77,CA,1691607677
62,tolanaro,-25.0319,46.9987,21.04,83,20,6.17,MG,1691607898
63,gobabis,-22.45,18.9667,15.8,26,98,5.94,NA,1691607974
64,la passe,45.5549,-0.8967,31.13,37,0,4.58,FR,1691607974
65,luderitz,-26.6481,15.1594,22.87,45,77,1.22,NA,1691607974
66,talnakh,69.4865,88.3972,16.23,64,100,3.3,RU,1691607974
67,nar'yan-mar,67.6713,53.087,13.57,80,37,2.26,RU,1691607931
68,kurtamysh,54.9103,64.4319,18.69,59,6,3.95,RU,1691607974
69,cabo san lucas,22.8909,-109.9124,34.23,62,75,9.26,MX,1691607952
70,lospalos,-8.5186,127.0025,19.71,95,36,1.71,TL,1691607975
71,pijijiapan,15.7011,-93.23,32.57,60,27,2.86,MX,1691607975
72,rabo de peixe,37.8,-25.5833,22.73,94,75,3.6,PT,1691607975
73,salinopolis,-0.6136,-47.3561,28.35,72,54,6.24,BR,1691607976
74,akureyri,65.6835,-18.0878,9.96,66,75,5.14,IS,1691607901
75,punta arenas,-53.15,-70.9167,4.06,93,100,3.09,CL,1691607905
76,porto novo,6.4965,2.6036,25.9,86,100,4.26,BJ,1691607976
77,kargasok,59.0556,80.8572,14.2,93,100,4.22,RU,1691607976
78,machico,32.7,-16.7667,27.23,84,20,2.06,PT,1691607976
79,boa vista,2.8197,-60.6733,31.99,55,75,3.09,BR,1691607977
80,ourem,39.6417,-8.5919,27.14,69,0,3.94,PT,1691607977
81,taulaga,-11.0553,-171.0883,27.64,81,29,7.01,AS,1691607977
82,itamaraca,-7.7478,-34.8256,27.03,69,13,5.77,BR,1691607977
83,qingyang,37.4958,121.2581,23.51,83,0,1.97,CN,1691607977
84,conde,-7.2597,-34.9075,27.7,69,20,7.2,BR,1691607978
85,sakakah,29.9697,40.2064,35.76,19,0,4.35,SA,1691607978
86,ribeira brava,32.65,-17.0667,27.23,79,2,1.21,PT,1691607978
87,neryungri,56.6709,124.6491,14.03,81,15,2.55,RU,1691607978
88,freetown,8.484,-13.2299,25.84,83,75,5.14,SL,1691607979
89,copiapo,-27.3667,-70.3333,16.83,31,100,2.11,CL,1691607741
90,qaqortoq,60.7167,-46.0333,8.34,71,21,2.61,GL,1691607979
91,stanley,54.868,-1.6985,18.77,78,75,3.09,GB,1691607875
92,coquimbo,-29.9533,-71.3436,14.85,82,100,3.6,CL,1691607979
93,tippi,7.2,35.45,17.96,98,97,1.47,ET,1691607979
94,hawaiian paradise park,19.5933,-154.9731,25.02,89,100,4.63,US,1691607861
95,kapuskasing,49.4169,-82.4331,23.05,64,75,2.57,CA,1691607960
96,lebu,-37.6167,-73.65,12.15,93,100,8.82,CL,1691607980
97,margaret river,-33.95,115.0667,10.48,77,100,1.61,AU,1691607980
98,san patricio,28.017,-97.5169,39.53,38,0,8.76,US,1691607980
99,la punta,-33.1837,-66.3127,20.23,22,100,2.25,AR,1691607980
100,port mathurin,-19.6833,63.4167,23.0,63,0,8.62,MU,1691607980
101,palikir - national government center,6.9248,158.1611,27.49,76,100,5.46,FM,1691607980
102,ushuaia,-54.8,-68.3,7.81,61,75,4.63,AR,1691607981
103,carlsbad,33.1581,-117.3506,33.72,71,0,4.63,US,1691607860
104,pons,45.5799,-0.5478,30.97,70,0,4.63,FR,1691607981
105,vlore,40.4667,19.4897,22.71,58,100,2.79,AL,1691607908
106,coahuayana de hidalgo,18.7,-103.6583,34.33,56,12,3.49,MX,1691607981
107,saint-pierre,-21.3393,55.4781,19.82,77,0,2.57,RE,1691607982
108,sascut,46.2,27.1,20.19,46,15,1.47,RO,1691607982
109,murehwa,-17.6432,31.784,10.93,53,0,3.47,ZW,1691607982
110,kolonia town,6.964,158.206,28.16,75,100,5.3,FM,1691607921
111,ribeira grande,38.5167,-28.7,25.43,83,20,5.14,PT,1691607982
112,saipan,15.1355,145.701,27.58,100,100,3.6,MP,1691607983
113,niquero,20.0431,-77.5828,32.42,58,3,2.11,CU,1691607983
114,tsiombe,-25.3,45.4833,19.77,85,8,3.48,MG,1691607983
115,el obeid,13.1842,30.2167,29.88,52,45,3.44,SD,1691607983
116,minas de marcona,-15.2119,-75.1103,18.09,60,8,4.98,PE,1691607983
117,vilyeyka,54.4896,26.9062,12.87,89,54,2.38,BY,1691607983
118,colares,38.7992,-9.4469,25.61,76,20,7.15,PT,1691607984
119,jiaojiang,28.6803,121.4428,27.22,91,100,1.82,CN,1691607984
120,sumbawa besar,-8.5,117.4333,19.01,90,20,2.33,ID,1691607984
121,saldanha,-33.0117,17.9442,14.03,79,0,3.37,ZA,1691607984
122,winston,28.0317,-82.0148,37.63,58,75,5.36,US,1691607984
123,federacion,-31.0062,-57.8996,20.33,63,30,1.18,AR,1691607985
124,nagqu,31.5,92.0,6.99,81,100,1.58,CN,1691607920
125,heber city,40.5069,-111.4132,27.57,31,0,1.54,US,1691607985
126,lompoc,34.6391,-120.4579,26.68,79,100,3.58,US,1691607936
127,kavaratti,10.5669,72.642,28.26,76,100,6.85,IN,1691607946
128,tiksi,71.6872,128.8694,15.03,55,8,3.55,RU,1691607892
129,cururupu,-1.8283,-44.8683,26.52,85,93,2.89,BR,1691607986
130,konstantinovka,49.6167,127.9833,17.46,99,92,1.03,RU,1691607986
131,nykobing sjaelland,55.9249,11.6711,13.36,86,100,10.94,DK,1691607986
132,hobyo,5.3505,48.5268,24.66,84,90,10.96,SO,1691607986
133,dellys,36.9172,3.9131,25.85,65,0,4.74,DZ,1691607987
134,olonkinbyen,70.9221,-8.7187,5.86,99,100,3.88,SJ,1691607987
135,al jawf,29.5,38.75,34.64,15,0,3.73,SA,1691607987
136,mambajao,9.2504,124.7156,27.15,82,100,4.96,PH,1691607987
137,fale old settlement,-9.3852,-171.2468,28.27,78,10,6.62,TK,1691607901
138,labytnangi,66.6572,66.4183,9.99,79,7,3.15,RU,1691607988
139,mihalgazi,40.0262,30.5771,22.78,90,89,2.8,TR,1691607988
140,utrik,11.2278,169.8474,27.93,74,100,4.8,MH,1691607988
141,birjand,32.8663,59.2211,26.26,19,0,5.14,IR,1691607988
142,ta`u,-14.2336,-169.5144,27.05,75,9,4.84,AS,1691607989
143,port augusta,-32.5,137.7667,9.56,89,2,3.45,AU,1691607989
144,peace river,56.2501,-117.286,18.17,94,100,2.57,CA,1691607989
145,wailua homesteads,22.0669,-159.378,29.24,76,75,9.77,US,1691607989
146,shingu,33.7333,135.9833,26.37,93,86,5.75,JP,1691607989
147,lewistown,40.5992,-77.5714,30.66,45,0,6.69,US,1691607986
148,sabalgarh,26.25,77.4,27.92,71,89,5.67,IN,1691607989
149,sarina,-21.4333,149.2167,15.9,86,25,2.85,AU,1691607990
150,yamada,39.4667,141.95,24.95,94,17,5.32,JP,1691607990
151,broseley,52.6132,-2.4827,22.44,75,100,1.73,GB,1691607990
152,san luis de la loma,17.2706,-100.8939,29.86,80,100,2.7,MX,1691607990
153,waimea,20.0231,-155.6717,21.96,83,68,5.36,US,1691607991
154,port elizabeth,-33.918,25.5701,17.16,77,20,7.72,ZA,1691607991
155,hamilton,39.1834,-84.5333,27.91,78,0,5.14,US,1691607989
156,la'ie,21.6477,-157.9253,29.98,69,80,10.46,US,1691607991
157,khawr fakkan,25.3313,56.342,30.03,61,0,1.51,AE,1691607992
158,carnarvon,-24.8667,113.6333,19.51,76,44,4.68,AU,1691607992
159,pavlovsk,50.4578,40.1081,20.51,62,76,3.27,RU,1691607992
160,kapa'a,22.0752,-159.319,29.99,77,75,9.77,US,1691607992
161,puerto baquerizo moreno,-0.9,-89.6,27.55,69,75,7.72,EC,1691607935
162,sarospatak,48.3167,21.5833,18.84,65,100,2.39,HU,1691607873
163,lentini,37.2855,14.9996,25.58,61,6,1.1,IT,1691607993
164,khandyga,62.6667,135.6,10.82,68,0,0.42,RU,1691607993
165,solwezi,-12.1688,26.3894,17.11,40,0,1.96,ZM,1691607993
166,san julian,21.0167,-102.1667,26.31,37,2,0.5,MX,1691607994
167,ilulissat,69.2167,-51.1,11.01,46,40,2.06,GL,1691607994
168,charters towers,-20.1,146.2667,13.08,90,11,3.64,AU,1691607994
169,udachny,66.4167,112.4,16.36,47,100,3.34,RU,1691607740
170,afaahiti,-17.75,-149.2833,25.93,71,89,6.76,PF,1691607994
171,safotu,-13.4513,-172.4018,27.53,76,8,5.14,WS,1691607995
172,takoradi,4.8845,-1.7554,24.4,85,93,5.36,GH,1691607995
173,bayanhongor,46.7167,100.1167,10.34,86,6,0.68,MN,1691607996
174,castillos,-34.1667,-53.8333,16.8,75,56,5.77,UY,1691607996
175,ust-tsilma,65.441,52.1498,16.39,80,0,0.78,RU,1691607996
176,fallon,39.4735,-118.7774,31.62,16,40,1.54,US,1691607996
177,fort bragg,35.139,-79.006,33.28,45,86,0.45,US,1691607724
178,bilibino,68.0546,166.4372,8.2,52,98,1.61,RU,1691608001
179,nadi,-17.8,177.4167,22.0,83,75,2.06,FJ,1691608001
180,port alfred,-33.5906,26.891,16.77,85,56,2.68,ZA,1691608002
181,st. john's,47.5649,-52.7093,15.87,82,100,4.63,CA,1691607968
182,locust grove,33.346,-84.1091,32.34,59,67,0.45,US,1691607911
183,alice springs,-23.7,133.8833,7.75,66,0,2.06,AU,1691608002
184,skovorodino,53.9833,123.9167,14.81,77,86,0.4,RU,1691608002
185,villa de cos,23.2833,-102.35,30.1,19,10,2.84,MX,1691608003
186,ceeldheer,3.8488,47.1806,24.3,85,51,7.28,SO,1691608003
187,new washington,11.6508,122.4322,25.07,91,52,3.71,PH,1691608003
188,manokwari,-0.8667,134.0833,25.32,74,100,1.37,ID,1691608003
189,sake,-1.5736,29.045,20.03,58,97,0.18,CD,1691608003
190,longyearbyen,78.2186,15.6401,10.91,58,0,1.54,SJ,1691607798
191,wanning,18.8003,110.3967,26.99,76,100,3.34,CN,1691608004
192,ust-nera,64.5667,143.2,12.29,74,18,1.63,RU,1691608004
193,ola,59.5833,151.2833,10.02,72,12,3.6,RU,1691608004
194,sampit,-2.5333,112.95,22.31,92,22,1.14,ID,1691608004
195,dhidhdhoo,6.8833,73.1,28.21,77,100,7.46,MV,1691608004
196,ormara,25.2088,64.6357,27.41,80,62,7.26,PK,1691608004
197,nishinoomote,30.7333,131.0,27.54,86,100,9.65,JP,1691608005
198,daru,-9.0763,143.2092,24.18,76,90,6.69,PG,1691608005
199,quellon,-43.1167,-73.6167,11.14,93,100,8.75,CL,1691608005
200,el calafate,-50.3408,-72.2768,3.44,89,37,0.75,AR,1691608005
201,concepcion,-36.827,-73.0498,12.89,94,100,9.26,CL,1691607927
202,nikel,69.4128,30.222,23.1,68,0,2.41,RU,1691608006
203,georgetown,5.4112,100.3354,26.96,89,20,2.24,MY,1691607930
204,paoua,7.2427,16.4406,19.76,99,96,1.11,CF,1691608006
205,rancho palos verdes,33.7445,-118.387,29.41,83,75,3.6,US,1691608006
206,rikaze,29.25,88.8833,15.98,56,53,2.28,CN,1691608007
207,ludvika,60.1496,15.1878,11.3,97,100,4.06,SE,1691608007
208,tazacorte,28.629,-17.9293,25.64,84,20,6.69,ES,1691608007
209,vilyuchinsk,52.9306,158.4028,13.15,83,100,3.18,RU,1691608007
210,saynshand,44.8824,110.1163,24.68,39,87,6.99,MN,1691607954
211,tura,25.5198,90.2201,23.66,98,100,0.98,IN,1691607888
212,valparaiso,-33.0393,-71.6273,15.0,91,100,6.69,CL,1691608008
213,timmins,48.4669,-81.3331,21.9,64,40,4.12,CA,1691607742
214,vila franca do campo,37.7167,-25.4333,23.23,92,99,6.17,PT,1691608008
215,huarmey,-10.0681,-78.1522,22.84,66,97,5.45,PE,1691608008
216,mahanje,-9.9333,35.3333,17.11,59,80,1.03,TZ,1691608008
217,klyuchi,52.2667,79.1667,21.1,42,82,2.44,RU,1691608009
218,tindouf,27.6711,-8.1474,40.37,6,0,6.02,DZ,1691608009
219,ngaoundere,7.3167,13.5833,18.61,97,100,0.79,CM,1691608009
220,goure,13.9835,10.2704,30.52,49,66,4.47,NE,1691608009
221,masterton,-40.9597,175.6575,3.82,99,100,2.16,NZ,1691608009
222,harper,4.375,-7.7169,24.53,81,100,5.61,LR,1691608009
223,bardai,11.65,7.2333,23.61,85,100,3.62,NG,1691608010
224,margate,51.3813,1.3862,19.93,70,0,3.58,GB,1691608011
225,nuuk,64.1835,-51.7216,7.34,81,75,5.66,GL,1691608011
226,carauari,-4.8828,-66.8958,32.9,49,100,1.16,BR,1691607827
227,acapulco de juarez,16.8634,-99.8901,31.9,62,100,2.57,MX,1691607819
228,dongkan,33.9997,119.8308,22.9,86,1,3.07,CN,1691608011
229,remire-montjoly,4.9167,-52.2667,32.02,62,0,5.14,GF,1691608011
230,popondetta,-8.7537,148.2534,21.67,82,98,0.83,PG,1691608012
231,pundong,-7.9522,110.3486,20.93,88,100,2.38,ID,1691608012
232,east london,-33.0153,27.9116,17.5,77,79,7.98,ZA,1691608012
233,snovsk,51.8239,31.9428,16.79,59,65,1.66,UA,1691608012
234,colonia,50.9333,6.95,21.09,60,0,2.57,DE,1691607937
235,mount pearl,47.5166,-52.7813,15.41,82,100,3.13,CA,1691608012
236,carutapera,-1.195,-46.02,28.4,71,81,4.37,BR,1691608013
237,hancheng,32.5186,112.3522,24.62,86,31,2.3,CN,1691608013
238,alaghsas,17.0187,8.0168,32.76,41,11,1.57,NE,1691608013
239,kailua-kona,19.6406,-155.9956,29.04,69,20,4.12,US,1691608013
240,carbonear,47.7332,-53.2148,16.12,86,100,4.06,CA,1691607947
241,borzya,50.3833,116.5167,16.62,68,100,2.18,RU,1691608013
242,hithadhoo,-0.6,73.0833,27.06,76,71,1.73,MV,1691608014
243,bangassou,4.7413,22.8184,20.9,99,100,2.18,CF,1691608014
244,zagora,30.3484,-5.8365,39.21,9,3,4.41,MA,1691608014
245,saacow,1.6279,42.4407,25.29,64,69,8.6,SO,1691608014
246,caconda,-13.7333,15.0667,19.42,25,7,0.37,AO,1691608014
247,sabzevar,36.2126,57.6819,28.15,22,0,6.67,IR,1691608014
248,batken,39.8333,71.0,17.79,45,0,0.55,KG,1691608015
249,plastun,44.7561,136.2939,16.49,97,100,1.33,RU,1691608015
250,al mijlad,11.0333,27.7333,27.01,62,59,2.66,SD,1691608015
251,i-n-salah,27.1935,2.4607,39.3,9,0,8.95,DZ,1691608015
252,urengoy,65.9667,78.3667,8.66,93,100,7.0,RU,1691608015
253,gamba,-2.65,10.0,22.26,86,15,3.03,GA,1691608016
254,badger,64.8,-147.5333,18.62,89,100,0.0,US,1691608016
255,dolores,-36.3132,-57.6792,15.81,67,100,4.73,AR,1691608016
256,fort mcmurray,56.7268,-111.381,21.87,41,96,4.43,CA,1691608016
257,sao tome,0.3365,6.7273,24.51,81,59,4.01,ST,1691608016
258,el porvenir,13.7617,-87.3458,32.63,33,92,2.1,HN,1691608016
259,saint-joseph,-21.3667,55.6167,19.21,78,24,3.56,RE,1691608017
260,sitka,57.0531,-135.33,13.94,94,100,1.54,US,1691607950
261,peterborough,52.5736,-0.2478,24.43,56,20,2.06,GB,1691607947
262,kiunga,-6.1219,141.2906,22.11,90,100,1.66,PG,1691608017
263,belel,7.05,14.4333,15.83,97,99,0.78,CM,1691608017
264,portland,45.5234,-122.6762,27.22,52,75,2.57,US,1691607803
265,kerikeri,-35.2268,173.9474,6.73,92,2,1.87,NZ,1691608017
266,axim,4.8699,-2.2405,24.36,84,87,5.29,GH,1691608017
267,tubarjal,30.4999,38.216,33.47,21,0,4.15,SA,1691608018
268,chonchi,-42.6128,-73.8092,10.62,92,100,4.91,CL,1691608018
269,constantia,44.1833,28.65,19.38,62,0,4.67,RO,1691607845
270,illizi,26.4833,8.4667,33.8,12,0,5.45,DZ,1691608018
271,plouzane,48.3833,-4.6167,23.1,73,0,2.57,FR,1691608018
272,al bawiti,28.3492,28.8659,29.58,30,0,2.56,EG,1691608018
273,usakos,-22.0,15.6,23.21,30,33,5.35,NA,1691608019
274,idri,27.5,13.2667,30.48,17,0,5.38,LY,1691607979
275,alor setar,6.121,100.3601,25.63,88,96,1.47,MY,1691608019
276,igarka,67.4667,86.5833,13.59,96,97,3.48,RU,1691608019
277,mil'kovo,55.6078,37.7956,21.73,74,0,3.3,RU,1691608019
278,barda,40.3744,47.1267,29.6,39,0,3.4,AZ,1691608019
279,campo verde,-20.4167,-54.0667,34.93,21,0,3.92,BR,1691608020
280,newman,37.3138,-121.0208,30.59,23,0,1.86,US,1691608020
281,kenai,60.5544,-151.2583,13.41,94,100,2.57,US,1691607816
282,shelui,-4.3667,34.2,26.26,35,99,3.7,TZ,1691608020
283,san antonio de pale,-1.4014,5.6325,23.8,80,100,4.83,GQ,1691608020
284,harrisburg,40.2737,-76.8844,31.08,51,40,4.63,US,1691607919
285,haiku-pauwela,20.9219,-156.3051,26.01,70,20,8.23,US,1691608021
286,taboao da serra,-23.6261,-46.7917,21.77,93,75,6.17,BR,1691608021
287,aldan,58.6031,125.3894,14.74,71,96,3.35,RU,1691607897
288,sucre,-19.0333,-65.2627,20.86,32,0,4.55,BO,1691608021
289,papao,-17.75,-149.55,26.82,72,100,7.31,PF,1691608022
290,hengchun,22.0042,120.7439,27.84,86,97,7.2,TW,1691608022
291,hobbs,32.7026,-103.136,36.7,17,0,4.92,US,1691607737
292,saint-philippe,-21.3585,55.7679,19.77,79,35,4.87,RE,1691608022
293,heihe,50.2441,127.4902,18.32,95,100,3.5,CN,1691608022
294,nemuro,43.3236,145.575,18.78,100,100,6.06,JP,1691608023
295,springbok,-29.6643,17.8865,16.98,25,0,2.58,ZA,1691608023
296,la venta del astillero,20.7167,-103.5333,23.94,31,6,1.36,MX,1691608023
297,makurazaki,31.2667,130.3167,26.68,91,100,10.94,JP,1691608023
298,kehychivka,49.2866,35.7615,17.69,63,0,3.76,UA,1691608024
299,nova vicosa,-17.8919,-39.3719,24.31,68,2,3.89,BR,1691607742
300,road town,18.4167,-64.6167,32.05,70,40,5.14,VG,1691608024
301,avarua,-21.2078,-159.775,23.03,73,75,7.2,CK,1691608024
302,keflavik,64.0049,-22.5624,14.24,62,75,6.17,IS,1691608024
303,plouguerneau,48.6,-4.5,23.28,73,0,2.57,FR,1691608024
304,alamosa,37.4695,-105.87,26.99,18,0,4.63,US,1691608025
305,pangody,65.85,74.4859,9.37,70,55,8.73,RU,1691608025
306,camiri,-20.05,-63.5167,28.84,28,0,3.79,BO,1691608025
307,susuman,62.7833,148.1667,4.23,96,100,1.03,RU,1691608025
308,at taj,24.2049,23.2857,34.37,24,15,4.57,LY,1691608026
309,alofi,-19.0595,-169.9187,25.09,85,92,3.5,NU,1691608026
310,busembatia,0.7697,33.6131,19.9,70,13,1.67,UG,1691608026
311,mutsu,41.2894,141.2169,23.8,95,41,1.33,JP,1691608026
312,iskateley,67.6803,53.1512,13.47,79,38,2.25,RU,1691607907
313,thompson,55.7435,-97.8558,18.09,48,40,5.14,CA,1691607913
314,fort st. john,56.2499,-120.8529,17.94,68,75,2.57,CA,1691607978
315,okakarara,-20.5833,17.4333,18.82,27,84,3.79,NA,1691608027
316,domna,51.8971,113.1573,18.09,93,40,0.0,RU,1691608027
317,la ronge,55.1001,-105.2842,16.2,53,61,2.51,CA,1691608028
318,guilin,25.2819,110.2864,25.37,93,38,1.18,CN,1691608028
319,n'zeto,-7.2312,12.8666,21.78,84,5,4.26,AO,1691608028
320,jennings,38.7192,-90.2604,24.52,86,100,2.57,US,1691608028
321,bel ombre,-4.6167,55.4167,25.91,78,20,2.57,SC,1691607891
322,ponta delgada,37.7333,-25.6667,23.4,94,75,3.6,PT,1691608029
323,nadym,65.5333,72.5167,9.3,72,0,8.86,RU,1691608029
324,isafjordur,66.0755,-23.124,10.46,53,59,3.27,IS,1691608029
325,ramadi,33.4226,43.3058,39.71,11,0,3.08,IQ,1691608029
326,calama,-22.4667,-68.9333,22.44,7,0,9.38,CL,1691608029
327,queenstown,-31.8976,26.8753,11.01,83,0,2.39,ZA,1691608030
328,palmer,42.1584,-72.3287,28.92,50,75,7.72,US,1691608030
329,kruisfontein,-34.0033,24.7314,15.49,86,0,5.98,ZA,1691608030
330,princeville,45.7668,-61.2985,19.95,93,93,4.47,CA,1691608030
331,vorkuta,67.5,64.0,10.5,71,85,2.36,RU,1691607893
332,happy valley-goose bay,53.3168,-60.3315,17.17,82,100,5.14,CA,1691608031
333,hadibu,12.65,54.0333,25.69,80,74,7.11,YE,1691607740
334,amursk,50.2261,136.8994,15.47,74,100,6.06,RU,1691608031
335,arraial do cabo,-22.9661,-42.0278,22.92,73,40,7.72,BR,1691608031
336,leh,34.1667,77.5833,20.33,29,3,1.84,IN,1691607975
337,tralee,52.2704,-9.7026,20.3,82,0,2.15,IE,1691608032
338,reinosa,42.9996,-4.138,17.48,40,60,2.49,ES,1691608032
339,swift current,50.2834,-107.8014,20.39,55,82,6.2,CA,1691608032
340,kristiansund,63.1115,7.732,11.36,93,75,1.54,NO,1691608032
341,al hudaydah,14.7978,42.9545,31.6,63,42,3.14,YE,1691608033
342,broome,42.2506,-75.833,27.59,60,40,3.09,US,1691608033
343,merizo village,13.2658,144.6691,26.31,97,100,7.89,GU,1691608033
344,naze,28.3667,129.4833,25.66,88,65,6.26,JP,1691608033
345,port douglas,-16.4833,145.4667,21.04,82,99,7.46,AU,1691608033
346,valentin gomez farias,28.2167,-106.5833,31.94,22,12,2.4,MX,1691608033
347,praya,14.9215,-23.5087,28.3,57,20,6.69,CV,1691607750
348,labrador city,52.9463,-66.9114,10.69,98,100,5.75,CA,1691608034
349,trapani,37.8333,12.6667,22.93,52,62,3.44,IT,1691607736
350,hammerfest,70.6634,23.6821,24.25,60,0,2.06,NO,1691607876
351,dwarka,22.2394,68.9678,27.22,81,100,9.36,IN,1691607848
352,saudarkrokur,65.7461,-19.6394,7.86,72,65,5.78,IS,1691608035
353,ulsteinvik,62.3432,5.8487,13.2,91,100,5.36,NO,1691607870
354,sinop,41.7711,34.8709,16.39,87,6,0.97,TR,1691608035
355,hami,42.8,93.45,29.85,22,2,7.31,CN,1691608035
356,oume,35.7839,139.2431,26.0,97,40,1.54,JP,1691608035
357,yabassi,4.457,9.9682,23.0,98,100,1.06,CM,1691608036
358,kuala tungkal,-0.8167,103.4667,25.74,82,87,2.96,ID,1691608036
359,tucuma,-0.1833,-50.05,29.79,66,15,4.27,BR,1691608036
360,okhotsk,59.3833,143.3,11.8,78,10,0.96,RU,1691608036
361,katsuren-haebaru,26.3369,127.8719,27.01,97,75,2.06,JP,1691608037
362,hasaki,35.7333,140.8333,26.84,86,17,4.69,JP,1691608037
363,chokwe,-24.5333,32.9833,16.43,82,0,2.58,MZ,1691608037
364,acarau,-2.8856,-40.12,28.02,68,77,7.35,BR,1691608037
365,as sulayyil,20.4607,45.5779,35.79,8,8,3.75,SA,1691608037
366,sinabang,2.4803,96.3801,25.77,86,100,4.42,ID,1691608038
367,turkmenbasy,40.0222,52.9552,28.17,50,0,4.31,TM,1691608038
368,anisoc,1.8658,10.7689,21.25,98,51,0.81,GQ,1691608038
369,kilindoni,-7.9139,39.6668,24.69,78,0,7.82,TZ,1691608038
370,telhara,21.0269,76.8389,26.15,74,99,5.09,IN,1691608038
371,erechim,-27.6342,-52.2739,14.39,97,100,1.7,BR,1691608038
372,egilsstadir,65.2653,-14.3948,9.95,66,75,2.57,IS,1691607800
373,ketchikan,55.3422,-131.6461,14.26,100,100,6.17,US,1691608039
374,puerto deseado,-47.7503,-65.8938,12.23,60,78,8.24,AR,1691608039
375,izyaslav,50.1195,26.8213,16.03,60,83,2.32,UA,1691608039
376,soure,-0.7167,-48.5233,28.6,71,6,5.97,BR,1691607831
377,nicoya,10.1483,-85.452,32.33,58,59,1.5,CR,1691608039
378,thunder bay,48.4001,-89.3168,23.28,38,6,3.81,CA,1691608040
379,argostolion,38.1811,20.489,25.04,75,0,4.12,GR,1691608040
380,gao,16.6362,1.637,32.9,44,64,3.56,ML,1691608040
381,kodiak,57.79,-152.4072,11.73,94,100,1.54,US,1691608040
382,vadso,70.0744,29.7487,23.49,77,20,4.63,NO,1691607798
383,bairnsdale,-37.8333,147.6167,13.36,62,99,3.01,AU,1691608040
384,swakopmund,-22.6833,14.5333,12.77,89,58,0.89,NA,1691608041
385,tefe,-3.3542,-64.7114,33.06,55,20,2.57,BR,1691608041
386,chu,43.5983,73.7614,28.42,29,41,3.49,KZ,1691608041
387,yen bai,21.7,104.8667,25.75,95,100,0.78,VN,1691608041
388,enewetak,11.3474,162.3373,28.32,77,73,6.29,MH,1691608041
389,crane,31.3974,-102.3501,38.64,17,0,1.67,US,1691608042
390,nabire,-3.3667,135.4833,23.71,88,59,1.64,ID,1691608042
391,narrabri,-30.3167,149.7833,6.96,81,6,2.93,AU,1691608042
392,abu zabad,12.35,29.25,27.28,62,20,4.01,SD,1691608042
393,imbituba,-28.24,-48.6703,18.81,96,100,6.16,BR,1691607959
394,arawa,-6.2132,155.5367,24.79,93,86,2.07,PG,1691608042
395,yaren,-0.5472,166.916,27.89,76,76,2.44,NR,1691608043
396,angaur state,6.906,134.13,27.8,81,94,8.76,PW,1691608043
397,alice,27.7523,-98.0697,40.94,31,0,9.26,US,1691608043
398,noumea,-22.2763,166.4572,13.99,74,39,4.41,NC,1691607994
399,dakhla,23.6848,-15.958,24.01,78,6,10.8,EH,1691607886
400,fuyang,32.9,115.8167,23.77,78,82,1.64,CN,1691608044
401,kievka,50.2619,71.5514,22.69,49,100,2.03,KZ,1691608044
402,argo,37.6333,22.7333,27.1,62,50,1.68,GR,1691608044
403,mbandaka,0.0487,18.2603,22.37,92,57,2.03,CD,1691608044
404,komsomol'skiy,43.9783,46.6985,27.17,51,0,5.3,RU,1691608044
405,sault ste. marie,46.5168,-84.3333,25.31,70,0,4.63,CA,1691607978
406,mandiana,10.6333,-8.6833,25.13,87,45,2.36,GN,1691608044
407,tikapur,28.5,81.1333,26.46,92,100,0.93,NP,1691608045
408,pisco,-13.7,-76.2167,20.57,83,100,3.09,PE,1691608045
409,greymouth,-42.4667,171.2,4.14,83,77,4.42,NZ,1691608045
410,itajuba,-22.4256,-45.4528,25.78,42,80,2.83,BR,1691608045
411,mokhsogollokh,61.4681,128.9203,11.55,68,100,2.23,RU,1691608045
412,doctor juan leon mallorquin,-25.4,-55.2667,20.85,81,100,1.44,PY,1691608046
413,quixada,-4.9714,-39.0153,34.51,20,52,4.33,BR,1691607775
414,yuzhno-kurilsk,44.0306,145.8556,19.53,100,100,4.48,RU,1691608046
415,maxixe,-23.8597,35.3472,19.53,79,26,4.62,MZ,1691608046
416,tual,-5.6667,132.75,25.44,80,100,10.01,ID,1691608046
417,samoylovka,51.184,43.7081,25.3,48,100,4.64,RU,1691608046
418,rio grande,-32.035,-52.0986,17.06,91,100,8.84,BR,1691607922
419,san jose del guaviare,2.5729,-72.6459,31.6,57,80,0.84,CO,1691608047
420,tazovsky,67.4667,78.7,7.67,89,100,7.29,RU,1691608047
421,touros,-5.1989,-35.4608,27.18,70,55,8.13,BR,1691607896
422,sumenep,-7.0167,113.8667,24.79,75,81,5.07,ID,1691608047
423,leua,48.2156,18.6071,15.01,88,99,1.15,SK,1691608048
424,umm qasr,30.0405,47.9168,36.93,34,2,4.21,IQ,1691608048
425,kibuye,-2.0597,29.3482,22.3,54,54,0.84,RW,1691608048
426,jabor,5.921,169.6434,27.8,76,100,4.09,MH,1691608048
427,tsiroanomandidy,-18.7667,46.0333,20.28,45,100,0.67,MG,1691608048
428,ascension,30.2169,-90.9001,36.26,63,40,3.09,US,1691608048
429,santa ana,33.7456,-117.8678,31.94,72,75,4.12,US,1691607805
430,bokani,9.4333,5.2,23.83,94,75,2.07,NG,1691608049
431,tadine,-21.55,167.8833,17.81,62,0,6.56,NC,1691608049
432,nyurba,63.2842,118.3319,14.79,64,0,2.5,RU,1691608049
433,bryne,58.7354,5.6477,11.24,93,75,6.17,NO,1691608049
434,tan-tan,28.438,-11.1032,23.2,81,1,8.4,MA,1691608050
435,sittwe,20.15,92.9,26.14,88,100,2.69,MM,1691608050
436,lata,40.1629,-8.3327,25.51,64,0,2.78,PT,1691608050
437,borogontsy,62.6683,131.1683,11.51,72,36,2.31,RU,1691608050
438,trongsa,27.5026,90.5072,18.24,99,100,0.04,BT,1691608051
439,cheria,35.2731,7.7519,26.43,25,0,7.35,DZ,1691608051
440,am timan,11.0297,20.2827,22.08,95,100,2.66,TD,1691608051
441,nuku'alofa,-21.1333,-175.2,21.19,94,75,3.09,TO,1691608051
442,calliope,-24.0,151.2,13.72,76,1,2.06,AU,1691608052
443,ambalangoda,6.2355,80.0538,26.35,87,100,2.83,LK,1691608052
444,oranjemund,-28.55,16.4333,18.96,46,2,4.51,NA,1691608052
445,vrangel',42.7297,133.0839,18.95,98,100,5.38,RU,1691608052
446,lorengau,-2.0226,147.2712,27.56,77,100,5.69,PG,1691608052
447,salalah,17.0151,54.0924,26.05,94,100,3.6,OM,1691608052
448,gagnoa,6.1293,-5.9437,22.28,98,92,2.05,CI,1691608053
449,zuenoula,7.4292,-6.0431,23.34,95,100,3.03,CI,1691608053
450,aquin,18.2833,-73.4,30.81,68,13,2.79,HT,1691608054
451,kusheriki,10.5328,6.4422,23.03,95,82,1.75,NG,1691608054
452,port alberni,49.2413,-124.8028,22.74,81,26,2.68,CA,1691608055
453,talara,-4.5772,-81.2719,28.42,61,0,7.77,PE,1691607947
454,alghero,40.5589,8.3181,24.05,83,40,1.54,IT,1691607796
455,mogoytuy,51.2833,114.9167,19.48,57,100,3.4,RU,1691608055
456,maun,-19.9833,23.4167,17.31,15,0,4.83,BW,1691608055
457,kendari,-3.945,122.4989,22.46,94,100,1.44,ID,1691608055
458,coronel dorrego,-38.7187,-61.2873,17.82,34,84,7.72,AR,1691608056
459,pensilvania,40.2724,-76.9057,31.14,51,40,4.63,US,1691608056
460,rawlins,41.7911,-107.2387,20.75,40,0,4.63,US,1691608016
461,anadyr,64.75,177.4833,9.28,81,75,6.0,RU,1691608056
462,rio gallegos,-51.6226,-69.2181,8.03,61,0,5.14,AR,1691607847
463,siwa oasis,29.2041,25.5195,33.08,26,0,2.16,EG,1691608056
464,ostersund,63.1792,14.6357,13.25,67,2,8.23,SE,1691608057
465,sitia,35.2,26.0986,26.66,68,0,9.44,GR,1691608057
466,badiyah,22.45,58.8,31.83,44,78,3.4,OM,1691608057
467,santa rita,-7.1139,-34.9781,28.37,69,20,7.2,BR,1691607787
468,praia,14.9215,-23.5087,28.3,57,20,6.69,CV,1691608057
469,bechar,31.6167,-2.2167,40.18,10,40,1.54,DZ,1691607957
470,lakhnadon,22.6,79.6,22.68,85,33,3.62,IN,1691608057
471,vicopisano,43.6872,10.5811,24.86,73,0,2.06,IT,1691608058
472,gokwe,-18.2048,28.9349,15.56,26,0,5.79,ZW,1691608058
473,turpan,42.9333,89.1667,33.87,25,13,2.91,CN,1691608058
474,ambon,-3.6954,128.1814,26.04,16,100,6.42,ID,1691608058
475,beloyarskiy,63.7119,66.6722,10.65,81,23,2.03,RU,1691608058
476,toliara,-23.35,43.6667,21.54,76,0,6.38,MG,1691607904
477,puerto lopez,4.0845,-72.956,31.52,58,7,1.87,CO,1691608059
478,shadrinsk,56.0852,63.6335,18.6,70,32,2.99,RU,1691608059
479,nalut,30.3333,10.85,31.26,22,0,6.4,LY,1691608059
480,mazagao,-0.115,-51.2894,33.03,55,13,3.45,BR,1691608059
481,prince george,53.9166,-122.753,21.25,57,100,1.34,CA,1691608059
482,pizarro,4.9533,-77.366,29.08,73,42,3.29,CO,1691608059
483,banda aceh,5.5577,95.3222,26.29,83,91,4.67,ID,1691608060
484,ocho rios,18.4025,-77.1048,29.89,68,37,5.01,JM,1691608003
485,tangalle,6.024,80.7911,27.09,89,100,4.12,LK,1691608016
486,alto araguaia,-17.3147,-53.2153,34.59,14,0,2.49,BR,1691608060
487,ayr,55.4627,-4.6339,16.99,88,75,1.03,GB,1691608060
488,mthatha,-31.5889,28.7844,12.9,86,100,2.78,ZA,1691608060
489,egersund,58.4513,5.9997,11.32,81,100,8.78,NO,1691608060
490,port lincoln,-34.7333,135.8667,12.17,67,100,4.75,AU,1691608061
491,aleksandrov gay,50.147,48.5704,26.64,35,4,4.71,RU,1691608061
492,melekeok village,7.4957,134.6367,27.31,78,89,6.47,PW,1691608061
493,salumbar,24.1333,74.05,25.3,85,100,3.71,IN,1691608061
494,betio village,1.358,172.9211,26.02,74,100,2.35,KI,1691608061
495,kill devil hills,36.0307,-75.676,28.32,63,0,3.09,US,1691608062
496,sandviken,60.6167,16.7667,13.65,81,100,4.16,SE,1691608062
497,buckeye,33.3703,-112.5838,40.39,28,0,3.09,US,1691607903
498,lodwar,3.1191,35.5973,31.02,37,0,2.88,KE,1691608062
499,antsiranana,-12.2787,49.2917,22.24,80,1,5.64,MG,1691608041
500,muisne,0.6,-80.0333,26.48,79,100,5.09,EC,1691608062
501,borgarnes,64.5383,-21.9206,14.89,50,100,4.91,IS,1691608063
502,whangarei,-35.7317,174.3239,5.42,96,10,1.76,NZ,1691608063
503,kegen,43.0197,79.2203,11.31,70,0,2.89,KZ,1691608063
504,amga,60.8953,131.9608,9.94,72,82,1.61,RU,1691608063
505,kingscliff,-28.2667,153.5667,9.87,100,6,0.51,AU,1691608063
506,dogondoutchi,13.6393,4.0287,30.5,56,100,3.72,NE,1691608063
507,kuanda,56.3161,116.0806,18.71,61,100,2.51,RU,1691608063
508,balkanabat,39.5108,54.3671,34.19,19,0,3.3,TM,1691607978
509,posto fiscal rolim de moura,-13.0833,-62.2667,38.75,23,23,0.79,BR,1691608045
510,tanaina,61.6269,-149.4281,15.38,92,100,2.06,US,1691608064
511,maasin,10.1336,124.8447,27.56,80,100,2.53,PH,1691608064
512,ventnor,50.5948,-1.2037,19.73,78,0,0.45,GB,1691608064
513,baker city,44.7749,-117.8344,21.84,56,100,3.6,US,1691608064
514,kuta,-8.7233,115.1723,23.97,88,40,1.03,ID,1691608065
515,port arthur,38.8,121.2667,26.12,69,0,5.78,CN,1691607923
516,rayevskaya,44.8319,37.5556,24.53,76,24,2.49,RU,1691608065
517,weno,7.4515,151.8468,28.51,77,79,3.71,FM,1691608065
518,divrigi,39.371,38.1137,29.58,24,0,3.31,TR,1691608065
519,altai,46.3722,96.2583,14.99,50,1,2.62,MN,1691607862
520,pindushi,62.9152,34.58,19.05,84,59,1.33,RU,1691608065
521,qamdo,31.1667,97.2333,8.78,67,100,0.6,CN,1691608066
522,bengkulu,-3.8004,102.2655,23.48,94,54,2.35,ID,1691607916
523,praia da vitoria,38.7333,-27.0667,27.14,74,20,4.88,PT,1691607950
524,viedma,-40.8135,-62.9967,19.0,26,87,9.3,AR,1691608066
525,vila velha,-20.3297,-40.2925,23.97,85,75,4.12,BR,1691608066
526,donaghadee,54.6333,-5.5333,21.4,85,97,0.45,GB,1691608066
527,ust'-kut,56.7938,105.7672,17.24,98,100,1.17,RU,1691608066
528,bubaque,11.2833,-15.8333,27.56,79,44,3.58,GW,1691608067
529,lautoka,-17.6167,177.4667,21.92,83,75,2.06,FJ,1691608067
530,kourou,5.1552,-52.6478,32.03,68,27,5.02,GF,1691608067
531,pimentel,-6.8367,-79.9342,25.16,69,100,2.57,PE,1691608067
532,montellano,36.9973,-5.5345,33.41,34,0,3.23,ES,1691608067
533,motomachi,43.8228,144.1044,20.42,99,100,1.07,JP,1691608067
534,cartagena,10.3997,-75.5144,31.79,74,75,5.14,CO,1691607775
535,sirte,31.2089,16.5887,26.97,60,2,5.55,LY,1691608068
536,port-vila,-17.7338,168.3219,18.78,82,100,0.0,VU,1691608069
537,diego de almagro,-26.3667,-70.05,24.56,21,100,3.43,CL,1691608069
538,tangjin,36.8944,126.6297,22.9,93,100,7.61,KR,1691608069
539,kannus,63.9,23.9,18.81,68,100,1.28,FI,1691608069
540,al kharijah,25.4514,30.5464,33.43,20,0,5.26,EG,1691608070
541,chegdomyn,51.1167,133.0167,15.29,75,74,0.83,RU,1691608070
542,uturoa,-16.7333,-151.4333,24.82,70,14,8.66,PF,1691608070
543,klaksvik,62.2266,-6.589,10.51,74,57,9.68,FO,1691608070
544,pangoa,-12.1167,-73.0,31.69,40,68,2.23,PE,1691608070
545,mayma,52.0197,85.9114,14.95,81,6,2.98,RU,1691608070
546,sisimiut,66.9395,-53.6735,6.99,76,100,3.7,GL,1691608071
547,goundi,9.3627,17.366,20.21,98,100,0.93,TD,1691608071
548,ratnagiri,16.9833,73.3,26.27,84,100,2.45,IN,1691608071
549,kogalym,62.2654,74.4791,11.51,55,95,8.91,RU,1691607858
550,gilleleje,56.122,12.3106,14.04,81,100,2.68,DK,1691608071
551,usinsk,65.9939,57.5281,13.84,75,100,3.1,RU,1691607886
552,berbera,10.4396,45.0143,33.16,42,100,8.4,SO,1691608072
553,auki,-8.7676,160.7034,24.58,91,100,4.96,SB,1691608072
554,ornskoldsvik,63.2909,18.7153,14.53,94,100,2.06,SE,1691608072
555,natal,-5.795,-35.2094,24.36,100,100,5.14,BR,1691607980
556,prince rupert,54.3161,-130.3201,14.05,94,100,6.69,CA,1691607847
557,jutai,-5.1833,-68.9,33.16,49,98,0.95,BR,1691608072
558,xianning,29.8833,114.2167,25.63,87,4,0.36,CN,1691608072
559,birobidzhan,48.8,132.95,16.61,71,100,2.38,RU,1691608073
560,zakynthos,37.7914,20.8953,25.91,78,0,2.57,GR,1691607822
